<?xml version="1.0" encoding="utf-8"?>
<extension type="component" version="1.0.0" method="upgrade">
    <name>PQZ</name>
    <!-- The following elements are optional and free of formatting conttraints -->
    <creationDate>January 2014</creationDate>
    <author>Giuliano 52</author>
    <version>0.0.2</version>
    <description>PQZ a quiz generator for joomla</description>

    <update>
        <schemas>
            <schemapath type="mysql">sql/updates/mysql</schemapath>
        </schemas>
    </update>

    <files folder="site">
        <filename>controller.php</filename>
        <filename>index.html</filename>
        <filename>pqz.php</filename>
        <folder>controllers</folder>
        <folder>language</folder>
        <folder>models</folder>
        <folder>views</folder>
        <folder>lib</folder>
        <folder>media</folder>
    </files>

    <administration>
        <menu>PQZ</menu>
        <files folder="admin">
            <filename>index.html</filename>
            <filename>pqz.php</filename>
            <folder>sql</folder>
        </files>
    </administration>
        
    <install folder="admin">
        <sql>
            <file charset="utf8" driver="mysql">sql/install.sql</file>
        </sql>
    </install>
    <uninstall folder="admin">
        <sql>
            <file charset="utf8" driver="mysql">sql/uninstall.sql</file>
        </sql>
    </uninstall>

</extension>

